First Number,Second Number,Third Number,Fourth Number,Fifth Number,Sixth Number,Seventh Number,Eighth Number
Geographic Location,Education Level,Field Of Study,Sex,Age Group,Student Status In Canada,Characteristics After Graduation,Graduate Statistics
1 - Canada,12 - Undergraduate degree,"1 - Total, field of study",1 - Total Sex,1 - 15 to 64,2 - Canadian Students,4 - Graduates reporting employment income,2 - Median Employment Income 2016 Dollars
2 - Newfoundland and Labrador,21 - Master's degree,2 - Education,2 - Males,2 - 15 to 34,,,
3 - Prince Edward Island,25 - Doctoral degree,"4  - Visual and performing arts, and communications technologies",3 - Females,3 - 35 to 64,,,
4 - Nova Scotia,,5 - Communications technologies/technicians and support services,,,,,
5 - New Brunswick,,6 - Visual and performing arts,,,,,
6 - Quebec,,7 - Humanities,,,,,
7 - Ontario,,"8 - Aboriginal and foreign languages, literatures and linguistics",,,,,
8 - Manitoba,,9 - English language and literature/letters,,,,,
9 - Saskatchewan,,"10 - Liberal arts and sciences, general studies and humanities",,,,,
10 - Alberta,,11 - Interdisciplinary humanities,,,,,
11 - British Columbia,,12 - Philosophy and religious studies,,,,,
,,13 - Theology and religious vocations,,,,,
,,14 - History,,,,,
,,15 - French language and literature/letters,,,,,
,,16 - Social and behavioral sciences and law,,,,,
,,"17 - Area, ethnic, cultural, gender, and group studies",,,,,
,,"18 - Communication, journalism and related programs",,,,,
,,19 - Family and consumer sciences/human sciences,,,,,
,,20 - Legal professions and studies,,,,,
,,21 - Interdisciplinary social and behavioural sciences,,,,,
,,22 - Psychology,,,,,
,,23 - Social sciences,,,,,
,,"24 - Business, management and public administration",,,,,
,,25 - Public administration and social service professions,,,,,
,,"26 - Business, management, marketing and related support services",,,,,
,,27 - Physical and life sciences and technologies,,,,,
,,28 - Biological and biomedical sciences,,,,,
,,29 - Biological and physical sciences,,,,,
,,30 - Other interdisciplinary physical and life sciences,,,,,
,,31 - Physical sciences,,,,,
,,32 - Science technologies/technicians,,,,,
,,"33 - Mathematics, computer and information sciences",,,,,
,,34 - Computer and information sciences and support services,,,,,
,,35 - Library science,,,,,
,,36 - Mathematics and statistics,,,,,
,,"37 - Interdisciplinary mathematics, computer and information sciences",,,,,
,,"38 - Architecture, engineering, and related technologies",,,,,
,,39 - Architecture and related services,,,,,
,,40 - Engineering,,,,,
,,41 - Engineering technologies and engineering-related fields,,,,,
,,42 - Historic preservation and conservation,,,,,
,,43 - Construction trades,,,,,
,,44 - Mechanic and repair technologies/technicians,,,,,
,,45 - Precision production,,,,,
,,"46 - Agriculture, natural resources and conservation",,,,,
,,"47 - Agriculture, agriculture operations and related sciences",,,,,
,,48 - Natural resources and conservation,,,,,
,,49 - Health and related fields,,,,,
,,"50 - Parks, recreation, leisure and fitness studies",,,,,
,,51 - Health professions and related programs,,,,,
,,"52 - Dental, medical and veterinary residency programs",,,,,
,,"53 - Personal, protective and transportation services",,,,,
,,54 - Personal and culinary services,,,,,
,,"55 - Military science, leadership and operational art",,,,,
,,56 - Security and protective services,,,,,
,,57 - Transportation and materials moving,,,,,
,,58 - Other instructional programs,,,,,
,,"59 - Multidisciplinary/interdisciplinary studies, other",,,,,
